Principal Component,Explained Variance Ratio
PC1,0.763567246063916
PC2,0.18744411886656046
